id	first_name	last_name	email	gender	ip_address
1	Cherilyn	Camden	ccamden0@huffingtonpost.com	Male	184.129.31.27
2	Dunstan	Brimham	dbrimham1@google.ca	Female	51.55.148.74
3	Adair	Winslett	awinslett2@cnet.com	Agender	158.4.53.87
4	Karmen	Lergan	klergan3@theguardian.com	Bigender	9.106.252.115
5	Hazel	Lindro	hlindro4@digg.com	Bigender	172.145.147.40
6	Lidia	Hellings	lhellings5@techcrunch.com	Non-binary	176.96.79.214
7	Artemus	Cheverell	acheverell6@noaa.gov	Agender	65.196.2.93
8	Jewelle	Carss	jcarss7@bloglines.com	Male	177.60.30.139
9	Starlin	Barkus	sbarkus8@cdc.gov	Bigender	124.131.108.38
10	Sherwynd	Pfeifer	spfeifer9@ucla.edu	Female	197.195.53.71
11	Milka	Preedy	mpreedya@google.de	Genderqueer	227.106.149.16
12	Shannen	Charnick	scharnickb@unc.edu	Genderqueer	236.240.149.48
13	Sheela	Jiggen	sjiggenc@ask.com	Genderqueer	48.206.209.195
14	Leese	Tucknott	ltucknottd@lycos.com	Non-binary	21.8.237.214
15	Megen	Adney	madneye@weebly.com	Agender	220.71.195.95
16	Faydra	Scotcher	fscotcherf@skype.com	Non-binary	81.22.22.83
17	Gram	Blount	gblountg@liveinternet.ru	Male	101.79.140.246
18	Kial	Nockells	knockellsh@ow.ly	Female	185.134.104.147
19	Rubin	Suddock	rsuddocki@google.de	Male	47.206.224.92
20	Siana	Delves	sdelvesj@e-recht24.de	Non-binary	170.198.95.14
21	Thaddus	Lorie	tloriek@naver.com	Polygender	130.195.143.76
22	Prudi	Yanov	pyanovl@psu.edu	Non-binary	224.87.23.109
23	Clarabelle	McWhan	cmcwhanm@yellowpages.com	Genderfluid	122.217.163.177
24	Candide	Lokier	clokiern@globo.com	Genderqueer	217.15.165.122
25	Betteann	Coutthart	bcouttharto@indiegogo.com	Non-binary	78.199.46.196
26	Ilaire	Taveriner	itaverinerp@google.com	Male	152.24.124.96
27	Kathi	Andrzejewski	kandrzejewskiq@zdnet.com	Genderqueer	51.12.173.253
28	Gaby	Weld	gweldr@baidu.com	Agender	238.214.33.249
29	Constancia	Chaise	cchaises@ftc.gov	Polygender	173.181.188.5
30	Yettie	Smallacombe	ysmallacombet@disqus.com	Polygender	58.55.97.201
31	Guillaume	Merrikin	gmerrikinu@digg.com	Bigender	246.204.28.254
32	Ganny	Altoft	galtoftv@google.nl	Agender	119.89.203.77
33	Merci	Strasse	mstrassew@spiegel.de	Agender	90.82.202.100
34	Abie	Amys	aamysx@feedburner.com	Genderqueer	252.77.6.227
35	Vern	Winger	vwingery@g.co	Genderqueer	87.109.240.75
36	Goober	Hallifax	ghallifaxz@nasa.gov	Genderqueer	250.184.107.123
37	Tobias	Jupp	tjupp10@topsy.com	Agender	102.26.253.67
38	Barb	McCullouch	bmccullouch11@sogou.com	Genderfluid	29.200.39.249
39	Johnny	McChesney	jmcchesney12@cnn.com	Genderfluid	31.45.227.74
40	Elisabeth	Bloxam	ebloxam13@bloglines.com	Female	192.98.31.96
41	Lauretta	Shakspeare	lshakspeare14@smh.com.au	Male	83.143.46.209
42	Arlen	Blowfield	ablowfield15@scribd.com	Male	235.68.22.234
43	Charyl	Gilley	cgilley16@barnesandnoble.com	Genderfluid	185.191.12.154
44	Gunar	Henzer	ghenzer17@va.gov	Male	62.4.159.28
45	Ernest	Saylor	esaylor18@ebay.com	Non-binary	21.62.183.19
46	Cullen	Stot	cstot19@taobao.com	Genderqueer	94.95.14.176
47	Pauly	Fradgley	pfradgley1a@trellian.com	Bigender	177.147.203.102
48	Saunder	Racine	sracine1b@issuu.com	Polygender	77.34.226.182
49	Yorgo	O'Calleran	yocalleran1c@4shared.com	Polygender	250.120.245.0
50	Hurleigh	McNaughton	hmcnaughton1d@last.fm	Agender	63.168.140.1
51	Aile	Selborne	aselborne1e@technorati.com	Female	119.48.126.18
52	Joyann	Bellward	jbellward1f@dailymotion.com	Male	133.248.103.253
53	Rosalind	Proudlock	rproudlock1g@altervista.org	Non-binary	58.243.174.140
54	Carlie	Arpur	carpur1h@paypal.com	Bigender	93.184.227.153
55	Analise	Ripping	aripping1i@google.ru	Genderqueer	200.13.144.29
56	Lodovico	Gingedale	lgingedale1j@wordpress.org	Polygender	255.194.239.217
57	Leighton	Kmicicki	lkmicicki1k@harvard.edu	Female	141.106.221.131
58	Ara	Mansuer	amansuer1l@surveymonkey.com	Non-binary	95.14.3.24
59	Jasmin	Belamy	jbelamy1m@nationalgeographic.com	Genderfluid	147.137.252.174
60	Pip	Osler	posler1n@disqus.com	Genderfluid	89.242.21.237
61	Fenelia	McInally	fmcinally1o@comsenz.com	Agender	63.118.169.245
62	Jazmin	Jeanes	jjeanes1p@abc.net.au	Agender	22.15.72.213
63	Edie	Gibbard	egibbard1q@cnbc.com	Genderqueer	157.97.192.211
64	Clem	Pasterfield	cpasterfield1r@virginia.edu	Bigender	188.203.115.58
65	Guillemette	Doddemeade	gdoddemeade1s@home.pl	Bigender	124.62.101.184
66	Philly	Hildrew	phildrew1t@sbwire.com	Non-binary	234.79.192.177
67	Gorden	Moar	gmoar1u@bravesites.com	Genderfluid	31.240.92.129
68	Bertie	Durgan	bdurgan1v@tinyurl.com	Polygender	181.58.0.149
69	Margaretha	Whitcombe	mwhitcombe1w@deliciousdays.com	Male	198.211.11.107
70	Englebert	Hallam	ehallam1x@google.co.uk	Bigender	78.219.106.217
71	Lanie	Bottell	lbottell1y@boston.com	Polygender	169.65.255.54
72	Tarah	Ronchka	tronchka1z@github.io	Agender	147.140.186.27
73	Leesa	Snoxell	lsnoxell20@multiply.com	Female	95.165.61.86
74	Elbert	Urvoy	eurvoy21@hao123.com	Non-binary	207.188.148.44
75	Beck	Chichgar	bchichgar22@ow.ly	Female	185.77.71.0
76	Dyanna	Stoddard	dstoddard23@flavors.me	Female	114.4.173.230
77	Kylie	Coskerry	kcoskerry24@artisteer.com	Genderfluid	189.48.165.102
78	Rhona	Balk	rbalk25@feedburner.com	Non-binary	195.114.76.113
79	Cynthea	Stubbeley	cstubbeley26@e-recht24.de	Bigender	173.147.121.218
80	Teena	Kegley	tkegley27@archive.org	Non-binary	50.204.104.139
81	Lanie	Weatherup	lweatherup28@senate.gov	Male	97.211.165.78
82	Althea	Hubert	ahubert29@oracle.com	Genderfluid	150.144.66.71
83	Benoite	Doerren	bdoerren2a@hud.gov	Bigender	216.114.205.43
84	Nady	Giacoppo	ngiacoppo2b@livejournal.com	Male	11.168.131.252
85	Helli	Albin	halbin2c@sbwire.com	Genderfluid	252.189.156.39
86	Henrieta	Jozsef	hjozsef2d@joomla.org	Genderfluid	137.118.9.0
87	Ninnette	Dobrowolski	ndobrowolski2e@godaddy.com	Polygender	115.122.164.168
88	Theressa	Menaul	tmenaul2f@google.ru	Agender	237.93.73.235
89	Cicily	Daggett	cdaggett2g@spotify.com	Non-binary	252.87.177.190
90	Siegfried	Wallett	swallett2h@angelfire.com	Genderqueer	84.184.109.35
91	Kamilah	Makey	kmakey2i@twitter.com	Genderfluid	62.60.204.114
92	Joletta	Mattaser	jmattaser2j@google.co.uk	Agender	240.118.185.158
93	Edna	Turney	eturney2k@hibu.com	Male	209.119.243.86
94	Karl	Redmayne	kredmayne2l@google.com.hk	Genderfluid	25.253.249.243
95	Sherwynd	Sneezum	ssneezum2m@vkontakte.ru	Female	10.184.110.72
96	Janene	Kaesmans	jkaesmans2n@foxnews.com	Agender	117.114.149.110
97	Helen	Szymanowicz	hszymanowicz2o@oaic.gov.au	Female	190.100.179.3
98	Marnie	Polendine	mpolendine2p@eventbrite.com	Non-binary	193.65.69.171
99	Shoshanna	De Domenici	sdedomenici2q@dell.com	Female	79.190.62.51
100	Jeramey	Eighteen	jeighteen2r@apache.org	Female	16.72.56.235
101	Theodore	MacKim	tmackim2s@parallels.com	Male	6.120.17.4
102	Gunter	Playhill	gplayhill2t@google.nl	Polygender	54.228.157.156
103	Donnell	Crangle	dcrangle2u@vistaprint.com	Polygender	199.3.201.73
104	Rebeka	Yaneev	ryaneev2v@walmart.com	Polygender	173.30.188.113
105	Lammond	Esser	lesser2w@123-reg.co.uk	Agender	105.4.253.207
106	Silvain	Stickells	sstickells2x@army.mil	Male	151.94.158.175
107	Lona	Phelit	lphelit2y@omniture.com	Agender	52.202.167.238
108	Gaylene	Beer	gbeer2z@squarespace.com	Bigender	108.3.17.70
109	Ivie	Masden	imasden30@deviantart.com	Genderfluid	57.151.249.124
110	Carolann	Blaasch	cblaasch31@blogtalkradio.com	Genderqueer	16.162.173.15
111	Gearard	Gillyett	ggillyett32@webeden.co.uk	Female	247.224.204.38
112	Aymer	Mouat	amouat33@ask.com	Genderqueer	110.27.143.253
113	Elspeth	McIndrew	emcindrew34@discuz.net	Genderfluid	159.124.134.72
114	Cash	Fenich	cfenich35@pinterest.com	Genderfluid	157.247.247.85
115	Rayner	Serck	rserck36@diigo.com	Genderfluid	176.220.48.207
116	Odelle	Cripwell	ocripwell37@boston.com	Male	141.36.125.1
117	Raff	Cartin	rcartin38@pagesperso-orange.fr	Genderfluid	78.44.11.18
118	Dolly	Quenby	dquenby39@oaic.gov.au	Agender	235.187.86.31
119	Caroljean	Tharme	ctharme3a@cam.ac.uk	Male	251.19.222.92
120	Meghann	Laurenson	mlaurenson3b@cnn.com	Female	152.117.84.132
121	Clayton	Kelemen	ckelemen3c@un.org	Agender	67.215.168.213
122	Iain	Aubery	iaubery3d@addtoany.com	Genderfluid	55.210.176.175
123	Nike	Able	nable3e@cafepress.com	Male	115.3.156.14
124	Mufi	Callard	mcallard3f@shutterfly.com	Male	143.63.124.227
125	Abba	Busher	abusher3g@fc2.com	Genderfluid	106.11.213.119
126	Sylvan	Hayes	shayes3h@rediff.com	Bigender	75.68.236.214
127	Gabriel	Moodie	gmoodie3i@instagram.com	Non-binary	51.171.248.69
128	Giovanni	Cathcart	gcathcart3j@booking.com	Genderqueer	158.90.84.75
129	Benedetto	Conaboy	bconaboy3k@amazonaws.com	Polygender	105.158.249.203
130	Elga	Roofe	eroofe3l@blogtalkradio.com	Non-binary	14.164.63.97
131	Aldridge	Cranham	acranham3m@smh.com.au	Agender	103.239.35.121
132	Gian	Neagle	gneagle3n@cocolog-nifty.com	Female	239.86.131.62
133	Joya	Lilie	jlilie3o@lycos.com	Genderqueer	22.244.53.150
134	Gian	Kington	gkington3p@alibaba.com	Non-binary	181.216.133.131
135	Salli	Murtimer	smurtimer3q@toplist.cz	Non-binary	69.208.140.206
136	Krystalle	Pavlik	kpavlik3r@berkeley.edu	Bigender	35.158.10.184
137	Coop	Landers	clanders3s@bbb.org	Agender	113.45.174.211
138	Shannen	Bonass	sbonass3t@unc.edu	Agender	228.78.6.39
139	Sherri	Dudson	sdudson3u@comcast.net	Agender	105.104.145.199
140	Quillan	Worden	qworden3v@symantec.com	Genderqueer	170.167.96.246
141	Deck	Crewdson	dcrewdson3w@jimdo.com	Genderfluid	132.207.80.74
142	Rutter	Crewther	rcrewther3x@arizona.edu	Female	226.228.243.24
143	Lyda	Iffland	liffland3y@boston.com	Agender	123.120.25.242
144	Mason	Zucker	mzucker3z@theguardian.com	Agender	61.34.22.93
145	Deeyn	Baugh	dbaugh40@bloglovin.com	Non-binary	34.16.55.90
146	Rowland	Tommen	rtommen41@blogspot.com	Non-binary	205.5.167.199
147	Sheilah	Courteney	scourteney42@statcounter.com	Female	165.114.159.243
148	Brennan	Pleasaunce	bpleasaunce43@kickstarter.com	Male	177.1.190.194
149	Gustavus	Hopfer	ghopfer44@vistaprint.com	Agender	8.18.166.24
150	Minda	Llorente	mllorente45@usda.gov	Male	39.218.198.200
151	Kris	Dubble	kdubble46@google.co.jp	Genderfluid	75.113.102.66
152	Selina	Sappy	ssappy47@china.com.cn	Female	179.182.36.182
153	Sunshine	Eyree	seyree48@blogspot.com	Non-binary	198.214.72.201
154	Sisile	Donwell	sdonwell49@devhub.com	Female	106.54.138.177
155	Charla	Utton	cutton4a@canalblog.com	Female	33.185.54.156
156	Jonathan	Hegg	jhegg4b@engadget.com	Genderqueer	164.196.164.128
157	Antoni	Loud	aloud4c@yale.edu	Genderfluid	227.251.240.133
158	Elly	Lindsell	elindsell4d@mapy.cz	Genderfluid	89.135.89.245
159	Emmalynne	Tootin	etootin4e@last.fm	Polygender	144.136.48.198
160	Mata	Dumini	mdumini4f@printfriendly.com	Genderqueer	24.127.45.150
161	Sandye	Kobierski	skobierski4g@nasa.gov	Bigender	18.157.106.177
162	Roshelle	Scroxton	rscroxton4h@nymag.com	Genderfluid	239.104.219.229
163	Letta	Fried	lfried4i@issuu.com	Non-binary	51.145.164.17
164	Alisa	McCerery	amccerery4j@furl.net	Non-binary	102.116.220.34
165	Delmore	Cassley	dcassley4k@nifty.com	Genderfluid	164.42.24.225
166	Nessi	Farny	nfarny4l@facebook.com	Female	66.165.15.40
167	Pauletta	Harrisson	pharrisson4m@eventbrite.com	Male	44.115.7.10
168	Mariam	Gerrels	mgerrels4n@answers.com	Female	38.95.42.45
169	Rhodia	Sobieski	rsobieski4o@163.com	Male	137.205.2.249
170	Hewet	Stanes	hstanes4p@angelfire.com	Genderfluid	66.7.228.77
171	Alain	Jessop	ajessop4q@europa.eu	Non-binary	96.175.31.182
172	Susannah	Sambath	ssambath4r@fotki.com	Genderqueer	106.168.229.147
173	Wyatan	Cockin	wcockin4s@shutterfly.com	Genderqueer	190.73.34.31
174	Terese	Tatlock	ttatlock4t@si.edu	Polygender	50.10.231.103
175	Weider	Hallex	whallex4u@salon.com	Female	164.173.110.55
176	Murvyn	Isard	misard4v@infoseek.co.jp	Polygender	135.2.51.96
177	Taryn	Valentine	tvalentine4w@dot.gov	Genderqueer	127.213.242.62
178	Emylee	Wicher	ewicher4x@blogger.com	Agender	4.188.42.156
179	Rolfe	Startin	rstartin4y@samsung.com	Genderfluid	19.89.7.254
180	Goldia	Cartmael	gcartmael4z@latimes.com	Male	210.59.58.248
181	Dode	Bellwood	dbellwood50@wikispaces.com	Non-binary	15.32.87.39
182	Rubie	Hardingham	rhardingham51@tuttocitta.it	Genderqueer	241.122.196.128
183	Algernon	Galbraeth	agalbraeth52@dot.gov	Female	210.88.95.122
184	Sancho	Creeboe	screeboe53@java.com	Genderqueer	73.173.114.196
185	Donielle	Keher	dkeher54@free.fr	Bigender	87.123.143.150
186	Darwin	Leglise	dleglise55@statcounter.com	Genderfluid	78.218.251.189
187	Kenneth	MacDunlevy	kmacdunlevy56@blog.com	Agender	249.206.5.67
188	Davie	Glyne	dglyne57@amazon.com	Genderqueer	193.187.120.232
189	Kathi	Dowsett	kdowsett58@dell.com	Genderqueer	162.52.193.255
190	Leoine	Blowin	lblowin59@marketwatch.com	Female	208.147.146.132
191	Sloane	Netherclift	snetherclift5a@prnewswire.com	Bigender	153.87.191.202
192	Nolie	Bertlin	nbertlin5b@washingtonpost.com	Male	30.151.131.130
193	Jay	Maso	jmaso5c@princeton.edu	Genderfluid	43.145.237.96
194	Hester	Blizard	hblizard5d@meetup.com	Agender	193.69.110.107
195	Garret	Clewley	gclewley5e@webnode.com	Polygender	35.13.117.24
196	Nev	McCurtain	nmccurtain5f@angelfire.com	Genderqueer	184.209.147.167
197	Gaynor	D'Orsay	gdorsay5g@addthis.com	Genderqueer	185.132.78.240
198	Nico	Kops	nkops5h@sciencedirect.com	Non-binary	189.246.150.220
199	Aggie	Gruszka	agruszka5i@cloudflare.com	Agender	249.115.139.200
200	Adriaens	Burnel	aburnel5j@sphinn.com	Genderqueer	81.123.70.239
201	Terese	Canadine	tcanadine5k@multiply.com	Non-binary	242.10.141.142
202	Clare	Walden	cwalden5l@godaddy.com	Genderfluid	225.150.178.254
203	Cherilynn	Bonwell	cbonwell5m@abc.net.au	Non-binary	124.158.251.58
204	Jaquith	Berlin	jberlin5n@ted.com	Agender	168.38.175.197
205	Brannon	Lunnon	blunnon5o@google.com	Non-binary	89.99.217.158
206	Hercules	Kinnane	hkinnane5p@amazon.com	Female	110.223.117.165
207	Gwenni	Calway	gcalway5q@springer.com	Non-binary	173.221.179.72
208	Luisa	Brockway	lbrockway5r@smh.com.au	Genderfluid	240.203.119.74
209	Janean	Deneve	jdeneve5s@columbia.edu	Non-binary	83.63.193.175
210	Hailee	Gadney	hgadney5t@naver.com	Bigender	249.205.94.165
211	Candi	Vogeller	cvogeller5u@skype.com	Genderfluid	93.57.169.41
212	Alisander	Coggon	acoggon5v@bigcartel.com	Bigender	6.25.46.255
213	Candis	Leopold	cleopold5w@desdev.cn	Female	158.49.59.46
214	Eilis	Southerton	esoutherton5x@cisco.com	Genderqueer	148.111.175.110
215	Broderick	Gillogley	bgillogley5y@senate.gov	Bigender	36.104.251.53
216	Ramonda	McCabe	rmccabe5z@unc.edu	Male	120.159.160.65
217	Ernst	Trundell	etrundell60@cargocollective.com	Genderfluid	38.164.238.210
218	Frederica	Barcke	fbarcke61@behance.net	Non-binary	152.64.111.176
219	Quentin	Garling	qgarling62@shinystat.com	Bigender	210.72.17.225
220	Tawsha	Lapsley	tlapsley63@cafepress.com	Polygender	2.255.213.55
221	Thom	Yurygyn	tyurygyn64@telegraph.co.uk	Female	110.61.96.219
222	Keenan	Levett	klevett65@amazon.co.jp	Agender	20.3.212.228
223	Claiborne	L'Homme	clhomme66@shinystat.com	Bigender	129.174.66.159
224	Dorette	Gianolo	dgianolo67@shop-pro.jp	Agender	91.253.247.60
225	Tansy	Shapera	tshapera68@washingtonpost.com	Bigender	121.200.85.49
226	Nate	Tidy	ntidy69@reverbnation.com	Female	237.4.118.176
227	Ted	Chillingworth	tchillingworth6a@posterous.com	Non-binary	58.165.54.70
228	Kati	Watman	kwatman6b@marketwatch.com	Female	154.117.233.125
229	Adrienne	Garey	agarey6c@chicagotribune.com	Bigender	251.64.119.229
230	Wendall	Bergin	wbergin6d@goodreads.com	Polygender	232.53.137.234
231	Myer	Ouldcott	mouldcott6e@canalblog.com	Genderqueer	43.19.9.4
232	Angelita	Bakesef	abakesef6f@usgs.gov	Non-binary	137.125.69.156
233	Sig	Pena	spena6g@prweb.com	Non-binary	93.248.162.141
234	Brandy	Skeels	bskeels6h@163.com	Genderqueer	135.48.37.213
235	Kendre	Cornelius	kcornelius6i@cbsnews.com	Genderfluid	110.78.192.217
236	Joby	Toderini	jtoderini6j@mediafire.com	Genderqueer	67.89.192.165
237	Dmitri	Spavon	dspavon6k@virginia.edu	Genderqueer	30.96.254.157
238	Nelli	Abramov	nabramov6l@aol.com	Female	79.156.212.116
239	Elnore	Garstan	egarstan6m@virginia.edu	Female	53.139.17.238
240	Angelle	Fritchly	afritchly6n@youtu.be	Polygender	30.14.39.244
241	Benny	Venner	bvenner6o@java.com	Bigender	68.153.199.192
242	Farr	Greatham	fgreatham6p@wikispaces.com	Male	82.2.47.251
243	Honey	MacDermot	hmacdermot6q@cyberchimps.com	Bigender	20.98.29.164
244	Tanya	Marchbank	tmarchbank6r@patch.com	Genderqueer	235.29.3.212
245	Ky	Ohanessian	kohanessian6s@webs.com	Female	84.124.146.131
246	Christy	Caswill	ccaswill6t@guardian.co.uk	Male	4.68.55.233
247	Terrel	Robroe	trobroe6u@house.gov	Bigender	25.152.99.205
248	Vladamir	Monson	vmonson6v@unblog.fr	Male	79.121.154.146
249	Karlotta	Overington	koverington6w@homestead.com	Agender	191.201.157.75
250	Bernadene	Shirer	bshirer6x@theatlantic.com	Female	115.227.96.182
251	Quentin	Tremble	qtremble6y@canalblog.com	Agender	185.34.123.223
252	Britta	Rapson	brapson6z@tumblr.com	Male	90.16.24.73
253	Clea	Woodman	cwoodman70@ycombinator.com	Non-binary	243.110.227.169
254	Elwood	Goggen	egoggen71@furl.net	Bigender	120.80.32.0
255	Randie	McCloud	rmccloud72@cmu.edu	Male	194.62.10.176
256	Lucie	Elintune	lelintune73@theguardian.com	Bigender	120.122.17.2
257	Pearla	Sexcey	psexcey74@tamu.edu	Genderqueer	188.201.172.0
258	Myrle	Jendrusch	mjendrusch75@irs.gov	Genderqueer	7.77.141.206
259	Eden	Ventris	eventris76@mozilla.org	Polygender	55.107.204.134
260	Vi	Serjent	vserjent77@cmu.edu	Female	164.140.115.139
261	Ginnifer	Daye	gdaye78@tinyurl.com	Male	139.196.165.80
262	Sigvard	Hail	shail79@ask.com	Genderfluid	122.99.176.148
263	Ibbie	Kiessel	ikiessel7a@trellian.com	Non-binary	211.133.44.222
264	Chick	Freschi	cfreschi7b@altervista.org	Female	44.49.224.233
265	Hedy	Rolance	hrolance7c@statcounter.com	Genderfluid	62.88.218.85
266	Cammi	Mandifield	cmandifield7d@aboutads.info	Genderqueer	195.109.220.228
267	Berne	Stading	bstading7e@t.co	Non-binary	48.85.104.135
268	Rudolfo	Tedman	rtedman7f@feedburner.com	Agender	243.105.35.4
269	Godwin	Tweed	gtweed7g@soup.io	Non-binary	213.141.47.234
270	Gilberta	Bazely	gbazely7h@rambler.ru	Polygender	175.194.171.15
271	Deane	Burnsides	dburnsides7i@wsj.com	Bigender	69.247.24.187
272	Dacia	Widdecombe	dwiddecombe7j@globo.com	Non-binary	109.21.51.193
273	Gustaf	Friday	gfriday7k@over-blog.com	Genderqueer	144.251.233.81
274	Heida	Blum	hblum7l@is.gd	Bigender	231.142.150.119
275	Eldon	Ech	eech7m@hao123.com	Genderqueer	191.158.250.49
276	Hubert	Saltmarsh	hsaltmarsh7n@ehow.com	Non-binary	213.36.161.112
277	Orlan	Oleszcuk	ooleszcuk7o@booking.com	Polygender	175.99.213.174
278	Brose	Di Francesco	bdifrancesco7p@cdc.gov	Genderqueer	250.106.146.134
279	Ruthann	Makinson	rmakinson7q@berkeley.edu	Polygender	2.212.45.78
280	Asher	Catlin	acatlin7r@sphinn.com	Bigender	230.145.65.120
281	Penni	Avraham	pavraham7s@acquirethisname.com	Genderfluid	155.67.30.188
282	Kathrine	Shawcroft	kshawcroft7t@chron.com	Male	222.119.201.128
283	Giffy	Matterson	gmatterson7u@omniture.com	Agender	7.229.143.213
284	Alfreda	Wallworke	awallworke7v@jalbum.net	Non-binary	207.197.163.248
285	Roberta	Chalder	rchalder7w@linkedin.com	Female	163.171.51.243
286	Genevra	Darinton	gdarinton7x@privacy.gov.au	Female	179.50.170.41
287	Vilma	Clay	vclay7y@answers.com	Polygender	90.63.132.141
288	Milicent	Sambals	msambals7z@accuweather.com	Non-binary	65.84.226.252
289	Clemens	Telling	ctelling80@purevolume.com	Genderfluid	213.164.92.41
290	May	McCroft	mmccroft81@discovery.com	Agender	199.89.142.119
291	Rowen	Maggi	rmaggi82@usda.gov	Genderfluid	20.249.120.139
292	Nobe	Nolder	nnolder83@mozilla.org	Agender	215.200.152.179
293	Aprilette	Masic	amasic84@skype.com	Genderqueer	85.71.154.63
294	Bordy	Bothbie	bbothbie85@godaddy.com	Female	119.92.82.192
295	Annalise	Girardey	agirardey86@hubpages.com	Male	186.251.241.19
296	Ryley	Gare	rgare87@harvard.edu	Agender	248.136.212.119
297	Danie	Jasper	djasper88@independent.co.uk	Genderfluid	182.150.133.232
298	Sallyann	Reville	sreville89@samsung.com	Non-binary	227.200.229.18
299	Melloney	Batey	mbatey8a@chron.com	Bigender	209.62.220.174
300	Alfy	Puckrin	apuckrin8b@soup.io	Female	52.161.27.105
301	Burk	Duhig	bduhig8c@amazon.co.jp	Male	41.105.74.139
302	Rana	Comport	rcomport8d@diigo.com	Male	251.167.98.118
303	Phyllys	Tutchener	ptutchener8e@cnn.com	Agender	164.29.150.78
304	Zondra	Rolfo	zrolfo8f@com.com	Agender	17.244.194.19
305	Nicolette	Calver	ncalver8g@nhs.uk	Male	49.230.46.2
306	Dory	Aleksandrev	daleksandrev8h@europa.eu	Polygender	72.137.137.99
307	Kristos	Graveney	kgraveney8i@blogs.com	Female	104.184.191.251
308	Christian	Popov	cpopov8j@theglobeandmail.com	Female	137.49.64.34
309	Di	Marking	dmarking8k@seesaa.net	Female	1.244.214.141
310	Henrieta	Mattusevich	hmattusevich8l@cisco.com	Agender	45.135.172.206
311	Alon	Tunno	atunno8m@bandcamp.com	Polygender	217.246.177.5
312	Sauveur	Beaty	sbeaty8n@amazon.de	Female	61.210.240.173
313	Marni	Stodit	mstodit8o@unicef.org	Genderfluid	254.50.136.125
314	Philly	Nials	pnials8p@nih.gov	Female	247.192.23.65
315	Dionne	Wildblood	dwildblood8q@w3.org	Agender	230.227.235.218
316	Jo ann	Paulat	jpaulat8r@themeforest.net	Polygender	192.194.49.126
317	Lindie	Lantry	llantry8s@yellowbook.com	Genderfluid	255.17.171.183
318	Cinda	Tewelson	ctewelson8t@army.mil	Genderqueer	57.61.110.28
319	Brigit	Gulliford	bgulliford8u@ow.ly	Genderfluid	248.229.122.229
320	Austine	Illiston	ailliston8v@privacy.gov.au	Male	82.95.250.105
321	Alva	Shatford	ashatford8w@shop-pro.jp	Agender	68.4.125.87
322	Liliane	Mogra	lmogra8x@over-blog.com	Bigender	228.55.21.55
323	Cazzie	Haggeth	chaggeth8y@xrea.com	Female	113.109.252.178
324	Oralla	Hollyer	ohollyer8z@furl.net	Agender	176.171.146.231
325	Zachery	Cuttle	zcuttle90@loc.gov	Genderqueer	56.102.5.23
326	Malvina	Veschambes	mveschambes91@admin.ch	Female	62.228.181.36
327	Deirdre	Hallihan	dhallihan92@yandex.ru	Bigender	36.28.206.16
328	Melisent	Ilchenko	milchenko93@tinyurl.com	Female	177.52.154.47
329	Bruis	Wybrow	bwybrow94@senate.gov	Bigender	143.78.196.166
330	Marj	O'Nolan	monolan95@nsw.gov.au	Genderfluid	86.74.138.47
331	Rickie	Rawsthorne	rrawsthorne96@google.com.hk	Male	196.57.99.209
332	Mae	Sandison	msandison97@tamu.edu	Agender	174.70.106.74
333	Andre	Meale	ameale98@dyndns.org	Non-binary	10.99.234.217
334	Livvie	Gallacher	lgallacher99@wiley.com	Female	221.167.53.24
335	Helene	McKelvie	hmckelvie9a@shop-pro.jp	Polygender	90.81.8.43
336	Annecorinne	D'Ambrogio	adambrogio9b@answers.com	Bigender	227.69.5.174
337	Jaime	Robrow	jrobrow9c@sphinn.com	Genderqueer	134.34.136.75
338	Shea	Glewe	sglewe9d@simplemachines.org	Non-binary	132.238.11.124
339	Ruperta	Sleith	rsleith9e@upenn.edu	Male	90.31.111.251
340	Brnaby	Voss	bvoss9f@washingtonpost.com	Male	92.20.168.122
341	Danny	Cremin	dcremin9g@theguardian.com	Agender	196.244.152.120
342	Bealle	Erett	berett9h@who.int	Female	36.129.63.58
343	Constantine	Oxenham	coxenham9i@patch.com	Genderqueer	142.91.116.229
344	Mireielle	Wilden	mwilden9j@google.com	Male	241.158.181.251
345	Nicola	Mc Faul	nmcfaul9k@com.com	Polygender	195.207.115.104
346	Carroll	Blaase	cblaase9l@youtube.com	Genderqueer	208.83.49.118
347	Nanni	Brocklesby	nbrocklesby9m@google.com	Female	160.75.54.182
348	Danya	Ewert	dewert9n@wikipedia.org	Genderfluid	183.201.177.79
349	Norean	Decker	ndecker9o@51.la	Female	224.110.134.123
350	Willi	Noonan	wnoonan9p@princeton.edu	Agender	198.202.241.144
351	Harlie	Phil	hphil9q@arstechnica.com	Agender	171.40.254.133
352	Belinda	Lacrouts	blacrouts9r@ovh.net	Polygender	200.242.208.179
353	Marve	Spon	mspon9s@bloglovin.com	Non-binary	186.242.171.136
354	Karlens	Meeks	kmeeks9t@amazon.co.jp	Genderfluid	243.237.233.250
355	Ceil	Stang-Gjertsen	cstanggjertsen9u@g.co	Male	186.79.3.46
356	Shaun	Crayden	scrayden9v@jugem.jp	Agender	91.167.55.186
357	Letti	Welburn	lwelburn9w@typepad.com	Male	229.223.54.118
358	Candide	Bortolutti	cbortolutti9x@statcounter.com	Polygender	32.177.17.69
359	Tymon	Trowle	ttrowle9y@issuu.com	Polygender	112.80.75.13
360	Rivi	Biss	rbiss9z@tmall.com	Polygender	114.63.88.160
361	Bruce	Joris	bjorisa0@clickbank.net	Genderqueer	150.38.13.144
362	Guenna	Muzzlewhite	gmuzzlewhitea1@goo.ne.jp	Male	146.188.189.13
363	Lila	Rembrandt	lrembrandta2@reuters.com	Genderfluid	244.27.234.199
364	Ethel	Montrose	emontrosea3@japanpost.jp	Genderqueer	79.98.178.43
365	Reamonn	Issit	rissita4@yellowpages.com	Agender	200.128.245.64
366	Dalis	Underhill	dunderhilla5@merriam-webster.com	Non-binary	172.154.188.93
367	Ave	Josipovitz	ajosipovitza6@bluehost.com	Male	198.83.172.46
368	Aline	Evanson	aevansona7@exblog.jp	Genderfluid	222.101.155.193
369	Dale	Burgill	dburgilla8@geocities.com	Male	28.149.192.110
370	Reuven	Bess	rbessa9@accuweather.com	Non-binary	21.22.249.2
371	Lindon	Donisi	ldonisiaa@w3.org	Polygender	145.205.194.205
372	Martina	Holme	mholmeab@epa.gov	Female	142.230.132.138
373	Penelopa	Fetteplace	pfetteplaceac@squarespace.com	Female	193.55.56.236
374	Lindy	Rosenfarb	lrosenfarbad@friendfeed.com	Genderfluid	220.233.227.183
375	Taffy	Langsbury	tlangsburyae@mediafire.com	Bigender	233.252.139.43
376	Benjamen	Biaggi	bbiaggiaf@people.com.cn	Male	179.6.76.241
377	Melitta	Twining	mtwiningag@virginia.edu	Male	54.61.199.154
378	Meriel	Islep	mislepah@t.co	Genderqueer	72.2.48.73
379	Nara	Farrear	nfarrearai@youtu.be	Agender	169.210.45.105
380	Hallie	Fairhead	hfairheadaj@wired.com	Agender	144.63.135.13
381	Phyllida	Pickavant	ppickavantak@eepurl.com	Female	93.196.168.16
382	Romona	MacMearty	rmacmeartyal@csmonitor.com	Non-binary	37.52.5.43
383	Denys	Andrewartha	dandrewarthaam@chronoengine.com	Genderfluid	60.70.116.52
384	Veronica	Gotling	vgotlingan@w3.org	Polygender	62.102.78.221
385	Sonnnie	Osan	sosanao@baidu.com	Non-binary	206.220.246.134
386	Caleb	Shout	cshoutap@yellowbook.com	Agender	43.103.44.129
387	Rodrique	Tatterton	rtattertonaq@cmu.edu	Polygender	103.243.180.210
388	Ginger	Megahey	gmegaheyar@yellowpages.com	Female	128.93.135.7
389	Matt	Martygin	mmartyginas@yale.edu	Non-binary	59.211.136.1
390	Dorri	Priestman	dpriestmanat@dell.com	Male	225.16.123.67
391	Jammie	Jambrozek	jjambrozekau@unblog.fr	Male	178.101.38.86
392	Helga	Coathup	hcoathupav@hhs.gov	Polygender	104.133.129.244
393	Roz	Spratt	rsprattaw@unesco.org	Agender	78.142.81.246
394	Jemimah	Playford	jplayfordax@jimdo.com	Male	166.133.115.2
395	Alard	Lansly	alanslyay@webmd.com	Polygender	115.70.68.242
396	Jana	Halsted	jhalstedaz@salon.com	Bigender	8.226.45.35
397	Marius	Warrick	mwarrickb0@pen.io	Non-binary	218.246.162.147
398	Wilone	Tuckerman	wtuckermanb1@huffingtonpost.com	Bigender	82.118.33.55
399	Beniamino	Mawson	bmawsonb2@un.org	Non-binary	114.139.152.0
400	Lynnet	Chaves	lchavesb3@tripod.com	Male	164.122.14.169
401	Carmela	Kopman	ckopmanb4@mit.edu	Female	248.202.70.254
402	Ruperto	Lattie	rlattieb5@cnbc.com	Agender	164.224.49.40
403	Andee	Gladwish	agladwishb6@last.fm	Agender	150.87.240.135
404	Aylmar	Wiggett	awiggettb7@engadget.com	Non-binary	251.175.113.231
405	Dona	Abbotson	dabbotsonb8@imageshack.us	Genderfluid	243.133.185.59
406	Jere	Gavigan	jgaviganb9@hao123.com	Genderfluid	239.255.240.53
407	Sallyanne	Cattonnet	scattonnetba@addtoany.com	Genderqueer	175.99.33.45
408	Chadwick	Streeten	cstreetenbb@bandcamp.com	Bigender	199.85.113.155
409	Zsazsa	Glazier	zglazierbc@bloomberg.com	Genderqueer	225.46.38.70
410	Natala	Piscotti	npiscottibd@quantcast.com	Male	116.152.187.102
411	Darcy	Haspineall	dhaspineallbe@wordpress.org	Genderqueer	7.243.144.80
412	Mic	Koenraad	mkoenraadbf@cisco.com	Male	143.185.79.250
413	Francklin	Dable	fdablebg@washington.edu	Female	163.101.115.29
414	Laird	Keach	lkeachbh@yellowpages.com	Genderfluid	123.128.44.35
415	Deanna	Elderbrant	delderbrantbi@artisteer.com	Male	157.193.201.20
416	Dotty	MacAllaster	dmacallasterbj@cmu.edu	Non-binary	62.183.104.52
417	Stephanus	Durban	sdurbanbk@stanford.edu	Genderfluid	175.119.8.29
418	Ophelie	Muriel	omurielbl@goo.gl	Non-binary	115.35.61.75
419	Ernst	Dyment	edymentbm@sun.com	Agender	236.54.12.124
420	Lotta	Lewsie	llewsiebn@cafepress.com	Agender	73.208.73.56
421	Phaedra	Hackwell	phackwellbo@merriam-webster.com	Non-binary	233.126.170.70
422	Hubey	Americi	hamericibp@whitehouse.gov	Agender	178.199.53.107
423	Dari	Stamper	dstamperbq@comsenz.com	Female	165.173.249.209
424	Rowena	Fehely	rfehelybr@cnbc.com	Genderfluid	107.249.8.174
425	Adolphe	Popelay	apopelaybs@geocities.jp	Genderfluid	126.207.205.15
426	Maurise	Conring	mconringbt@networksolutions.com	Bigender	146.63.202.238
427	Gilly	Bridger	gbridgerbu@google.com.au	Female	9.251.58.203
428	Belvia	Pescott	bpescottbv@vkontakte.ru	Genderqueer	244.230.211.117
429	Konrad	Willock	kwillockbw@dell.com	Male	120.194.194.206
430	Fanchon	Caldaro	fcaldarobx@woothemes.com	Male	239.199.9.12
431	Deeann	Berwick	dberwickby@oaic.gov.au	Non-binary	102.84.61.86
432	Eugen	Eastwood	eeastwoodbz@constantcontact.com	Agender	19.44.211.78
433	Barbaraanne	Shearman	bshearmanc0@tripod.com	Agender	26.93.213.43
434	Jeanette	Mair	jmairc1@bbb.org	Male	172.183.230.0
435	Didi	Hambribe	dhambribec2@fda.gov	Genderfluid	41.226.250.136
436	Erica	Dinneen	edinneenc3@imgur.com	Genderfluid	21.48.192.79
437	Jimmie	Gery	jgeryc4@exblog.jp	Genderqueer	22.41.68.202
438	Ennis	Silverman	esilvermanc5@cbslocal.com	Non-binary	241.161.218.1
439	Bridgette	Loughren	bloughrenc6@quantcast.com	Genderqueer	174.94.84.195
440	Kira	Shah	kshahc7@techcrunch.com	Female	240.80.221.241
441	Hayes	Ransom	hransomc8@nifty.com	Non-binary	185.172.168.216
442	Adel	Tidswell	atidswellc9@skype.com	Bigender	48.160.108.67
443	Arte	Stead	asteadca@cnn.com	Non-binary	111.192.142.204
444	Mady	Jerok	mjerokcb@amazon.de	Agender	255.188.89.148
445	Mina	Whitmarsh	mwhitmarshcc@xing.com	Bigender	143.134.226.91
446	Colan	Brundrett	cbrundrettcd@sakura.ne.jp	Genderqueer	32.124.189.12
447	Zak	Carnegy	zcarnegyce@wikipedia.org	Bigender	129.2.198.105
448	Chance	Boome	cboomecf@bizjournals.com	Polygender	157.212.110.231
449	Susie	Measom	smeasomcg@shutterfly.com	Polygender	75.86.166.208
450	Orran	Aleswell	oaleswellch@e-recht24.de	Female	195.88.15.175
451	Sibby	Kimbley	skimbleyci@simplemachines.org	Male	88.255.13.198
452	Gena	Simmonds	gsimmondscj@yolasite.com	Genderfluid	197.28.84.86
453	Ward	Dyas	wdyasck@omniture.com	Polygender	233.152.211.110
454	Rodge	Veschambes	rveschambescl@joomla.org	Female	117.89.214.23
455	Falito	Sellek	fsellekcm@alexa.com	Male	27.242.47.197
456	Rafaelita	Huygen	rhuygencn@jimdo.com	Agender	185.99.52.122
457	Clair	Bernardo	cbernardoco@paginegialle.it	Female	82.231.74.245
458	Griselda	Bessom	gbessomcp@wordpress.com	Non-binary	62.89.87.233
459	Ricky	Hardage	rhardagecq@prlog.org	Polygender	191.52.146.250
460	Faina	Orringe	forringecr@google.fr	Genderfluid	44.113.95.201
461	Wilone	Riche	wrichecs@google.fr	Male	72.248.27.183
462	Tynan	Straine	tstrainect@purevolume.com	Polygender	190.52.165.54
463	Verla	Sugden	vsugdencu@techcrunch.com	Male	189.71.107.135
464	Leslie	Horsburgh	lhorsburghcv@linkedin.com	Polygender	85.230.58.196
465	Donavon	Ealam	dealamcw@epa.gov	Bigender	86.37.254.4
466	Jacquenetta	Shackesby	jshackesbycx@youtu.be	Agender	75.136.86.197
467	Leonora	Iwaszkiewicz	liwaszkiewiczcy@clickbank.net	Polygender	151.65.62.108
468	Mildrid	Blackledge	mblackledgecz@php.net	Genderqueer	149.174.30.180
469	Janenna	Twede	jtweded0@privacy.gov.au	Genderqueer	191.192.34.93
470	Winona	Ditchfield	wditchfieldd1@washingtonpost.com	Female	101.87.175.137
471	Freda	Estoile	festoiled2@cyberchimps.com	Polygender	26.164.47.47
472	Linnea	Gouldstraw	lgouldstrawd3@engadget.com	Agender	16.200.236.152
473	Reyna	Muncey	rmunceyd4@fda.gov	Bigender	157.40.65.25
474	Cal	Drayton	cdraytond5@simplemachines.org	Bigender	244.186.65.103
475	Antin	Durrad	adurradd6@alibaba.com	Female	28.122.56.199
476	Thadeus	Pember	tpemberd7@goodreads.com	Female	115.23.59.245
477	Derrik	Haysom	dhaysomd8@alibaba.com	Female	180.181.240.140
478	Ardelis	MacSherry	amacsherryd9@google.fr	Male	140.109.182.114
479	Pasquale	Zahor	pzahorda@parallels.com	Genderqueer	227.255.223.125
480	Benedikta	Henighan	bhenighandb@oakley.com	Genderqueer	1.244.40.136
481	Godwin	Askin	gaskindc@51.la	Agender	194.207.86.136
482	Laurens	Rushton	lrushtondd@ovh.net	Male	111.119.226.189
483	Obadiah	Downham	odownhamde@parallels.com	Genderfluid	60.137.229.122
484	Mario	Weiner	mweinerdf@miitbeian.gov.cn	Polygender	244.85.194.60
485	Jarib	Marqyes	jmarqyesdg@umich.edu	Agender	170.170.43.101
486	Courtney	Voisey	cvoiseydh@auda.org.au	Female	118.159.11.136
487	Jeanelle	Griggs	jgriggsdi@time.com	Genderqueer	66.102.1.9
488	Duky	Pearce	dpearcedj@prnewswire.com	Male	61.53.252.33
489	Matelda	Bannerman	mbannermandk@slideshare.net	Genderqueer	55.127.224.238
490	Ives	Didball	ididballdl@miitbeian.gov.cn	Female	39.178.39.141
491	Jyoti	Pagin	jpagindm@redcross.org	Genderfluid	15.193.85.167
492	Chad	Skeggs	cskeggsdn@nsw.gov.au	Bigender	1.148.24.43
493	Carlita	Crumly	ccrumlydo@discovery.com	Female	212.206.55.29
494	Kristen	Edinboro	kedinborodp@desdev.cn	Female	162.171.150.251
495	Collen	Guess	cguessdq@usatoday.com	Female	7.226.12.43
496	Tabbi	Chadbourne	tchadbournedr@printfriendly.com	Female	110.1.159.225
497	Pauli	MacAdam	pmacadamds@intel.com	Agender	137.7.51.155
498	Yoko	Brobyn	ybrobyndt@behance.net	Agender	99.141.125.36
499	Colby	Wilshire	cwilshiredu@japanpost.jp	Agender	3.151.172.154
500	Carola	MacIver	cmaciverdv@theatlantic.com	Genderfluid	122.153.145.119
501	Chandler	Lideard	clidearddw@gmpg.org	Female	46.134.69.132
502	Arleen	Scutchin	ascutchindx@techcrunch.com	Genderfluid	189.224.218.73
503	Dillie	Sandbrook	dsandbrookdy@nbcnews.com	Male	133.49.52.74
504	Revkah	Eaglestone	reaglestonedz@indiatimes.com	Female	108.108.131.123
505	Dorella	Southerill	dsoutherille0@typepad.com	Male	144.113.120.41
506	Ruthe	Duchart	rducharte1@google.ru	Female	27.96.60.37
507	Kimberlee	Horwell	khorwelle2@etsy.com	Bigender	117.31.10.136
508	Grethel	Hubbert	ghubberte3@livejournal.com	Male	239.111.202.164
509	Lauren	Bonfield	lbonfielde4@buzzfeed.com	Non-binary	81.167.87.51
510	Harley	Noad	hnoade5@pbs.org	Female	162.186.137.8
511	Coraline	Grigorushkin	cgrigorushkine6@pbs.org	Genderfluid	213.79.159.9
512	Viviyan	Dun	vdune7@ox.ac.uk	Non-binary	187.251.66.98
513	Nichols	Tollet	ntollete8@yellowbook.com	Non-binary	124.9.113.2
514	Ivette	Cleevely	icleevelye9@discuz.net	Bigender	59.240.21.148
515	Doro	Ewell	dewellea@woothemes.com	Agender	166.17.7.31
516	Farley	Garton	fgartoneb@diigo.com	Non-binary	102.32.251.220
517	Mora	Heaysman	mheaysmanec@xing.com	Agender	37.136.160.214
518	Chadwick	Waliszewski	cwaliszewskied@360.cn	Genderqueer	81.89.188.34
519	Shalne	Domel	sdomelee@wired.com	Polygender	83.151.201.93
520	Kamila	Akaster	kakasteref@answers.com	Non-binary	248.28.223.127
521	Raye	Font	rfonteg@cbc.ca	Polygender	162.20.177.93
522	Jamaal	Muffin	jmuffineh@ucla.edu	Bigender	169.193.66.189
523	Saraann	Bentley	sbentleyei@ucla.edu	Male	182.122.187.96
524	Shawn	Cromett	scromettej@intel.com	Genderqueer	229.33.135.99
525	Carlos	Durning	cdurningek@ovh.net	Non-binary	250.13.29.168
526	Tailor	Renfree	trenfreeel@nih.gov	Agender	217.236.128.230
527	Desdemona	Frichley	dfrichleyem@yolasite.com	Female	60.134.101.84
528	Adina	Mithan	amithanen@naver.com	Male	194.206.160.2
529	Fianna	Simanenko	fsimanenkoeo@ameblo.jp	Female	248.184.5.98
530	Quill	Rumsey	qrumseyep@hhs.gov	Genderqueer	12.155.234.6
531	Amalea	Finan	afinaneq@bloglovin.com	Agender	207.196.244.64
532	Malvina	Villa	mvillaer@wisc.edu	Agender	25.33.233.226
533	Adriana	Aldrick	aaldrickes@whitehouse.gov	Genderfluid	124.88.176.220
534	Joya	Mantrip	jmantripet@va.gov	Non-binary	52.39.133.186
535	Lyssa	Toombs	ltoombseu@hhs.gov	Non-binary	176.219.119.208
536	Cairistiona	Bazely	cbazelyev@printfriendly.com	Polygender	188.217.205.252
537	Ediva	Hulance	ehulanceew@qq.com	Polygender	224.208.123.44
538	Sky	Corteney	scorteneyex@dmoz.org	Agender	22.134.166.12
539	Vitoria	Francecione	vfrancecioneey@liveinternet.ru	Agender	81.218.59.36
540	Laurent	Kilbourne	lkilbourneez@nydailynews.com	Female	246.184.4.52
541	Liz	Gotts	lgottsf0@1und1.de	Polygender	241.192.212.78
542	Rachael	Duffan	rduffanf1@elpais.com	Bigender	13.73.184.253
543	Dollie	Egdale	degdalef2@ifeng.com	Genderfluid	54.237.73.67
544	Madelon	Vinecombe	mvinecombef3@wikispaces.com	Genderqueer	131.22.121.199
545	Calla	Ree	creef4@gmpg.org	Non-binary	250.244.111.181
546	Tulley	Henrys	thenrysf5@nih.gov	Non-binary	57.18.229.91
547	Dana	Bidmead	dbidmeadf6@yellowpages.com	Female	7.18.71.23
548	Nels	Huckfield	nhuckfieldf7@csmonitor.com	Female	11.167.75.225
549	Zachariah	Ierland	zierlandf8@umich.edu	Agender	21.179.102.245
550	Shaun	Eubank	seubankf9@tuttocitta.it	Genderfluid	2.27.21.196
551	Maurise	Cornfield	mcornfieldfa@mediafire.com	Male	79.122.21.117
552	Joelie	Faires	jfairesfb@earthlink.net	Female	140.220.157.238
553	Massimo	Sewall	msewallfc@deliciousdays.com	Female	169.75.220.52
554	Daryl	McGahy	dmcgahyfd@wordpress.org	Male	222.45.159.221
555	Linn	Takle	ltaklefe@lulu.com	Non-binary	237.250.195.190
556	Galvin	MacLoughlin	gmacloughlinff@stumbleupon.com	Non-binary	138.45.124.80
557	Amelie	Bryde	abrydefg@free.fr	Non-binary	32.16.129.35
558	Bearnard	Yeatman	byeatmanfh@businesswire.com	Female	185.229.176.124
559	Titus	Scocroft	tscocroftfi@marketwatch.com	Male	90.59.132.223
560	Gertrud	Dittson	gdittsonfj@quantcast.com	Genderfluid	21.240.55.251
561	Lorie	Urquhart	lurquhartfk@exblog.jp	Genderqueer	179.161.123.9
562	Ailbert	Apark	aaparkfl@illinois.edu	Polygender	166.159.237.199
563	Gilberta	Willingam	gwillingamfm@topsy.com	Non-binary	19.65.78.80
564	Hillie	Deeley	hdeeleyfn@51.la	Male	150.119.123.19
565	Vicki	Le Prevost	vleprevostfo@forbes.com	Agender	192.32.26.96
566	Hertha	Blakelock	hblakelockfp@weather.com	Agender	64.18.190.157
567	Alasteir	Duddell	aduddellfq@cnbc.com	Polygender	30.228.109.87
568	Fayina	Stairmand	fstairmandfr@imdb.com	Bigender	140.2.35.171
569	Karl	D'Adda	kdaddafs@sina.com.cn	Genderqueer	184.99.194.2
570	Odell	Tribble	otribbleft@tripadvisor.com	Genderqueer	114.197.139.242
571	Theodore	Youson	tyousonfu@usgs.gov	Genderqueer	200.173.175.252
572	Marchelle	Brown	mbrownfv@hubpages.com	Male	96.42.4.192
573	Kipp	Mitroshinov	kmitroshinovfw@tmall.com	Female	98.212.111.142
574	Kaila	Allum	kallumfx@kickstarter.com	Female	249.200.157.119
575	Nicola	Scartifield	nscartifieldfy@google.cn	Non-binary	212.28.147.111
576	Agnes	Milward	amilwardfz@symantec.com	Polygender	6.90.55.46
577	Wildon	Asch	waschg0@utexas.edu	Polygender	114.197.217.101
578	Alberik	Baxter	abaxterg1@google.com	Bigender	146.170.107.163
579	Darlene	Smiley	dsmileyg2@1und1.de	Male	33.57.162.193
580	Myles	Palatino	mpalatinog3@joomla.org	Genderqueer	119.48.41.175
581	Kevyn	MacAlpine	kmacalpineg4@elegantthemes.com	Agender	208.213.167.52
582	Ambur	Martinek	amartinekg5@google.com.br	Genderfluid	155.225.12.47
583	Renell	Prettyjohn	rprettyjohng6@amazon.com	Genderqueer	202.97.205.178
584	Cynde	Cawkill	ccawkillg7@illinois.edu	Genderfluid	51.49.162.64
585	Nissa	Clyma	nclymag8@sitemeter.com	Bigender	212.185.75.159
586	Maura	McEnteggart	mmcenteggartg9@google.es	Agender	167.242.18.107
587	Angelico	Frawley	afrawleyga@wix.com	Genderfluid	88.206.146.115
588	Dniren	Wycliff	dwycliffgb@earthlink.net	Bigender	139.100.141.233
589	Lucinda	Roote	lrootegc@icq.com	Genderfluid	225.144.213.29
590	Emlyn	Camble	ecamblegd@tinyurl.com	Female	239.232.140.114
591	Boycie	Benettini	bbenettinige@jimdo.com	Bigender	185.183.53.114
592	Bailie	Bewsy	bbewsygf@bloglovin.com	Non-binary	34.11.192.7
593	Gavin	Pawlata	gpawlatagg@globo.com	Agender	253.178.230.238
594	Josie	Dunderdale	jdunderdalegh@scribd.com	Non-binary	99.14.35.73
595	Petr	Karpychev	pkarpychevgi@apache.org	Genderfluid	238.220.89.65
596	Nike	Halsworth	nhalsworthgj@pen.io	Agender	140.121.250.150
597	Boothe	Sarath	bsarathgk@who.int	Female	180.36.98.203
598	Cammie	Helks	chelksgl@ed.gov	Bigender	117.36.149.164
599	Moe	Measom	mmeasomgm@paginegialle.it	Bigender	85.172.145.246
600	Bamby	Masselin	bmasselingn@quantcast.com	Male	196.243.165.180
601	Karlotte	Franzotto	kfranzottogo@smh.com.au	Genderfluid	37.48.29.168
602	Avrom	Veel	aveelgp@github.io	Genderfluid	24.16.6.90
603	Dirk	Vauls	dvaulsgq@about.me	Genderqueer	157.78.108.249
604	Almire	Gatcliff	agatcliffgr@army.mil	Genderqueer	124.159.204.111
605	Jaime	Lawerence	jlawerencegs@devhub.com	Non-binary	225.226.153.190
606	Nara	Raynton	nrayntongt@imageshack.us	Polygender	53.73.232.64
607	Torie	Ransom	transomgu@goo.ne.jp	Agender	144.143.68.56
608	Nicholle	La Batie	nlabatiegv@yale.edu	Genderqueer	226.68.254.124
609	Richard	Caush	rcaushgw@mapy.cz	Polygender	10.116.237.146
610	Evy	Liddel	eliddelgx@studiopress.com	Agender	6.29.167.148
611	Tess	Andreia	tandreiagy@google.cn	Non-binary	129.195.12.87
612	Blanch	Amdohr	bamdohrgz@discuz.net	Female	185.102.46.187
613	Cathleen	Ferras	cferrash0@msu.edu	Agender	84.167.253.140
614	Benoite	Guyot	bguyoth1@artisteer.com	Bigender	219.241.180.187
615	Mile	Mildmott	mmildmotth2@livejournal.com	Bigender	205.29.155.104
616	Kora	Cauldfield	kcauldfieldh3@icq.com	Male	35.218.49.177
617	Aloysia	Baudrey	abaudreyh4@hud.gov	Male	14.186.233.30
618	Bradney	Jeske	bjeskeh5@dell.com	Bigender	230.119.79.250
619	Hestia	Sisneros	hsisnerosh6@gmpg.org	Female	95.91.4.156
620	Gregorio	St Ange	gstangeh7@example.com	Polygender	81.132.90.255
621	Jobina	Thowless	jthowlessh8@senate.gov	Female	125.160.181.111
622	Locke	Murby	lmurbyh9@ebay.com	Male	201.37.54.61
623	Kelcie	Hexter	khexterha@sitemeter.com	Bigender	50.220.97.99
624	Aguistin	Rylatt	arylatthb@yale.edu	Genderfluid	56.205.233.202
625	Fiona	Simunek	fsimunekhc@theguardian.com	Non-binary	203.182.79.47
626	Davon	Brennand	dbrennandhd@fda.gov	Polygender	90.182.28.29
627	Barnie	Kunc	bkunche@oakley.com	Genderfluid	141.10.147.204
628	Emmalyn	Birtwell	ebirtwellhf@unesco.org	Agender	44.172.112.26
629	Sari	Salan	ssalanhg@dailymail.co.uk	Polygender	89.86.40.125
630	Sascha	Lakenton	slakentonhh@amazon.de	Polygender	155.181.36.149
631	Moritz	Dwire	mdwirehi@ucla.edu	Genderqueer	252.170.255.17
632	Zelda	Hackleton	zhackletonhj@time.com	Male	152.166.170.67
633	Corene	Sinclar	csinclarhk@liveinternet.ru	Non-binary	67.215.187.93
634	Lia	Sherringham	lsherringhamhl@people.com.cn	Non-binary	172.61.162.216
635	Hewe	Marchetti	hmarchettihm@ftc.gov	Non-binary	245.222.178.237
636	Ralph	Hinsche	rhinschehn@yolasite.com	Male	24.191.183.237
637	Torrey	Lerwell	tlerwellho@cdc.gov	Bigender	95.81.11.178
638	Sayre	Yegorchenkov	syegorchenkovhp@narod.ru	Genderqueer	162.137.27.99
639	Dene	Longwood	dlongwoodhq@xing.com	Male	189.209.215.202
640	Perkin	Goshawke	pgoshawkehr@usgs.gov	Agender	231.198.159.150
641	Pansy	Dellit	pdelliths@nyu.edu	Genderfluid	114.140.98.77
642	Kayne	Mixworthy	kmixworthyht@dot.gov	Polygender	228.34.196.208
643	Mandie	Wathan	mwathanhu@wordpress.org	Agender	37.76.145.162
644	Belle	Tomblett	btombletthv@abc.net.au	Genderqueer	148.190.36.114
645	Erinna	Duffyn	eduffynhw@china.com.cn	Male	181.137.7.11
646	Melony	Ranking	mrankinghx@so-net.ne.jp	Bigender	226.50.14.213
647	Justin	Dollen	jdollenhy@hostgator.com	Female	196.30.51.254
648	Schuyler	Cattel	scattelhz@jimdo.com	Genderfluid	21.99.202.50
649	Giles	Moorcroft	gmoorcrofti0@thetimes.co.uk	Non-binary	39.57.208.148
650	Tucker	Greaser	tgreaseri1@nasa.gov	Male	200.191.217.108
651	Danielle	Cocker	dcockeri2@simplemachines.org	Polygender	113.25.49.214
652	Correy	Dibbs	cdibbsi3@360.cn	Genderqueer	17.141.65.159
653	Morly	Sizeland	msizelandi4@fotki.com	Male	26.209.28.161
654	Dale	Tunnoch	dtunnochi5@tumblr.com	Female	186.64.57.71
655	Mandy	Gronou	mgronoui6@sitemeter.com	Genderqueer	209.102.218.217
656	Thorvald	Flageul	tflageuli7@weather.com	Male	90.210.18.245
657	Rupert	Burchmore	rburchmorei8@cnet.com	Polygender	245.50.125.19
658	Bette-ann	Morse	bmorsei9@histats.com	Genderfluid	117.93.164.132
659	Clarine	Kelsow	ckelsowia@state.gov	Non-binary	123.255.67.27
660	Cortney	Burgher	cburgherib@hexun.com	Genderfluid	101.223.1.76
661	Melinde	Bosse	mbosseic@yandex.ru	Polygender	200.197.19.78
662	Tomkin	Hartzenberg	thartzenbergid@tuttocitta.it	Agender	19.141.242.2
663	Gib	Petasch	gpetaschie@about.me	Male	13.252.144.193
664	Wileen	Isaacs	wisaacsif@miitbeian.gov.cn	Female	70.135.225.59
665	Whit	Souness	wsounessig@naver.com	Agender	239.65.194.250
666	Blythe	Gori	bgoriih@opensource.org	Polygender	171.226.42.77
667	Rock	Dewett	rdewettii@shinystat.com	Agender	253.34.36.171
668	Lauren	Budd	lbuddij@goo.gl	Agender	26.87.159.250
669	Blair	Chadwen	bchadwenik@shop-pro.jp	Non-binary	234.115.25.19
670	Zonda	Simenot	zsimenotil@blogtalkradio.com	Male	34.244.248.106
671	Fayre	Woolens	fwoolensim@xing.com	Bigender	253.74.65.211
672	Elizabet	Attenbrough	eattenbroughin@accuweather.com	Female	89.68.99.136
673	Minnaminnie	Pozzo	mpozzoio@deliciousdays.com	Non-binary	157.132.11.197
674	Cordula	Duesbury	cduesburyip@godaddy.com	Genderqueer	32.61.184.47
675	Austin	Annon	aannoniq@marriott.com	Genderqueer	65.142.216.153
676	Camilla	Karlmann	ckarlmannir@free.fr	Bigender	253.82.191.96
677	Dana	Collymore	dcollymoreis@icio.us	Genderfluid	15.182.158.89
678	Marlene	Leverentz	mleverentzit@furl.net	Male	109.84.192.54
679	Blake	Audibert	baudibertiu@themeforest.net	Agender	18.191.140.221
680	Gottfried	Mitham	gmithamiv@nytimes.com	Genderfluid	4.112.228.144
681	Georgeta	Segar	gsegariw@youku.com	Bigender	119.100.202.27
682	Merle	Hambrook	mhambrookix@mlb.com	Female	237.135.104.182
683	Ginnie	Bickmore	gbickmoreiy@ucoz.com	Polygender	54.178.147.114
684	Lurleen	O'Shavlan	loshavlaniz@google.ru	Genderqueer	165.197.241.32
685	Ciro	Ather	catherj0@google.pl	Non-binary	43.52.189.175
686	Margot	Switland	mswitlandj1@adobe.com	Bigender	109.54.213.69
687	Perl	Scad	pscadj2@blog.com	Bigender	171.63.52.123
688	Friedrich	Hunnaball	fhunnaballj3@sakura.ne.jp	Genderfluid	5.29.5.228
689	Merwyn	Bonham	mbonhamj4@ustream.tv	Genderqueer	12.225.37.102
690	Veronique	Gilbanks	vgilbanksj5@alibaba.com	Female	111.21.67.195
691	Linc	Woolway	lwoolwayj6@fastcompany.com	Bigender	194.113.22.201
692	Ulrikaumeko	Luciani	ulucianij7@posterous.com	Male	247.102.225.191
693	Raviv	Woolland	rwoollandj8@columbia.edu	Female	143.160.18.156
694	Wendeline	Hamon	whamonj9@tmall.com	Male	128.140.23.220
695	Lay	Bramer	lbramerja@yellowbook.com	Agender	243.14.221.192
696	Karin	Wegner	kwegnerjb@latimes.com	Agender	21.82.38.249
697	Caryl	Flann	cflannjc@networksolutions.com	Genderqueer	20.33.194.138
698	Wyndham	Joanaud	wjoanaudjd@tripadvisor.com	Bigender	251.177.223.242
699	Jemimah	Quiddington	jquiddingtonje@ftc.gov	Polygender	248.114.169.190
700	Halli	Benois	hbenoisjf@nbcnews.com	Male	177.31.230.104
701	Wittie	Wilbor	wwilborjg@cisco.com	Agender	73.139.37.223
702	Georgena	Boulden	gbouldenjh@wired.com	Genderqueer	88.143.156.156
703	Lindsey	Nash	lnashji@amazon.de	Polygender	18.26.126.218
704	Merralee	Izaks	mizaksjj@altervista.org	Female	146.90.25.32
705	Jaclin	Todari	jtodarijk@dropbox.com	Male	135.177.21.145
706	Nicola	Fennell	nfennelljl@flavors.me	Polygender	66.238.148.230
707	Issy	Stoyell	istoyelljm@ibm.com	Polygender	100.182.39.67
708	Celinka	Hagland	chaglandjn@ca.gov	Agender	33.128.6.106
709	Robin	Bunnell	rbunnelljo@mtv.com	Male	243.6.80.227
710	Freida	Demonge	fdemongejp@imdb.com	Genderqueer	214.197.197.186
711	Hubert	Sproston	hsprostonjq@canalblog.com	Non-binary	30.82.226.15
712	Prescott	Ciciura	pciciurajr@shinystat.com	Agender	129.14.55.240
713	Abbe	Darter	adarterjs@tamu.edu	Male	31.241.81.166
714	Marja	Davoren	mdavorenjt@ca.gov	Male	122.39.89.243
715	Mitzi	Di Meo	mdimeoju@people.com.cn	Genderqueer	62.65.65.159
716	Karlen	Reskelly	kreskellyjv@ftc.gov	Non-binary	149.236.176.65
717	Michal	Domelaw	mdomelawjw@nymag.com	Polygender	43.18.44.88
718	Camellia	Parell	cparelljx@tinyurl.com	Female	117.52.117.92
719	Katusha	Cusack	kcusackjy@chronoengine.com	Genderfluid	115.24.157.86
720	Lindsey	Bras	lbrasjz@who.int	Non-binary	30.120.149.165
721	Carmencita	Kording	ckordingk0@creativecommons.org	Polygender	150.65.245.68
722	Huberto	Lamplugh	hlamplughk1@hao123.com	Male	232.176.159.39
723	Hildegarde	Schnitter	hschnitterk2@odnoklassniki.ru	Polygender	169.155.115.250
724	Parrnell	O'Gleasane	pogleasanek3@example.com	Genderqueer	231.10.119.4
725	Hillel	Chartres	hchartresk4@smugmug.com	Genderfluid	61.87.163.129
726	Karola	Nobes	knobesk5@squarespace.com	Polygender	45.228.246.22
727	Saul	Hubane	shubanek6@guardian.co.uk	Non-binary	204.84.246.71
728	Siegfried	Beckham	sbeckhamk7@wp.com	Bigender	53.119.164.69
729	Sigrid	Coulthard	scoulthardk8@geocities.com	Bigender	183.135.177.109
730	Meggie	Robers	mrobersk9@ning.com	Polygender	240.172.116.75
731	Daloris	Roney	droneyka@dell.com	Male	216.18.57.18
732	Annissa	De Filippis	adefilippiskb@ted.com	Bigender	201.94.117.171
733	Karlens	Janout	kjanoutkc@nsw.gov.au	Male	251.98.212.82
734	Forrester	Hainey	fhaineykd@theglobeandmail.com	Bigender	245.93.62.88
735	Ansell	Aguirre	aaguirreke@usgs.gov	Genderfluid	75.203.115.188
736	Rodger	Kynston	rkynstonkf@thetimes.co.uk	Bigender	72.12.53.143
737	Frayda	Kimmings	fkimmingskg@vkontakte.ru	Non-binary	50.8.28.45
738	Asa	Wyd	awydkh@blog.com	Genderfluid	44.119.48.92
739	Ase	Coady	acoadyki@jugem.jp	Male	30.186.70.53
740	Wendell	Crooke	wcrookekj@umn.edu	Genderfluid	113.10.137.79
741	Keeley	Hawking	khawkingkk@mozilla.com	Genderfluid	79.211.94.210
742	Nelli	Jurek	njurekkl@virginia.edu	Male	239.123.91.126
743	Sandy	Glencross	sglencrosskm@shinystat.com	Bigender	9.73.113.86
744	Annabal	Cumberledge	acumberledgekn@sohu.com	Bigender	113.142.21.194
745	Pennie	Jones	pjonesko@netlog.com	Non-binary	102.60.163.181
746	Georgie	Croad	gcroadkp@chronoengine.com	Male	152.67.105.192
747	Julieta	Treswell	jtreswellkq@360.cn	Genderqueer	202.37.21.221
748	Philomena	Tison	ptisonkr@plala.or.jp	Genderqueer	65.137.169.159
749	Franciskus	Vannacci	fvannacciks@vinaora.com	Polygender	105.48.101.67
750	Florella	Shevlan	fshevlankt@tuttocitta.it	Male	126.201.35.172
751	Sylas	Byforth	sbyforthku@ibm.com	Genderfluid	88.141.59.143
752	Nappie	Alexsandrovich	nalexsandrovichkv@ed.gov	Male	230.95.133.187
753	Glyn	Feldbaum	gfeldbaumkw@google.es	Non-binary	185.212.224.212
754	Gayel	Nipper	gnipperkx@aol.com	Bigender	177.249.149.117
755	Desiri	Parrett	dparrettky@sciencedirect.com	Non-binary	52.216.117.115
756	Che	Gilley	cgilleykz@behance.net	Genderfluid	138.50.222.182
757	Luke	de Vaen	ldevaenl0@census.gov	Polygender	155.201.91.241
758	Marius	Rambaut	mrambautl1@is.gd	Bigender	30.211.95.38
759	Nicky	Grigoryov	ngrigoryovl2@drupal.org	Genderfluid	210.162.102.153
760	Jenn	Jury	jjuryl3@vk.com	Female	225.45.79.241
761	Regan	Aronov	raronovl4@dagondesign.com	Genderfluid	14.192.89.141
762	Willyt	Telling	wtellingl5@canalblog.com	Non-binary	192.54.7.85
763	Seka	Haliburton	shaliburtonl6@ca.gov	Bigender	240.208.150.158
764	Bing	D'Onisi	bdonisil7@blinklist.com	Polygender	87.142.100.164
765	Papageno	Cowterd	pcowterdl8@pinterest.com	Genderfluid	118.74.128.229
766	Flin	Sahlstrom	fsahlstroml9@washington.edu	Genderqueer	196.248.121.103
767	Paulie	Whear	pwhearla@china.com.cn	Non-binary	196.162.199.35
768	Maggee	Barense	mbarenselb@amazonaws.com	Polygender	0.61.52.93
769	Merv	Niave	mniavelc@gmpg.org	Female	12.188.197.7
770	Hyacinthie	Ledstone	hledstoneld@virginia.edu	Genderfluid	172.43.146.8
771	Laney	Aronsohn	laronsohnle@ovh.net	Non-binary	194.23.20.14
772	Sigismondo	Jelf	sjelflf@com.com	Female	165.164.21.52
773	Arie	Waith	awaithlg@amazon.com	Non-binary	131.80.12.225
774	Rodd	Yanukhin	ryanukhinlh@tumblr.com	Polygender	104.236.196.40
775	Donalt	Tondeur	dtondeurli@spotify.com	Bigender	106.188.61.116
776	Craggy	Grzelewski	cgrzelewskilj@statcounter.com	Male	222.247.189.212
777	Trude	Meeron	tmeeronlk@facebook.com	Non-binary	54.162.127.121
778	Katusha	Higbin	khigbinll@noaa.gov	Agender	169.202.157.8
779	Freddi	MacCall	fmaccalllm@jugem.jp	Genderqueer	192.70.212.12
780	Chrotoem	Patriche	cpatricheln@yahoo.com	Non-binary	147.198.82.18
781	Paule	Zorzetti	pzorzettilo@clickbank.net	Polygender	49.216.104.1
782	Rhea	Hubbock	rhubbocklp@ezinearticles.com	Agender	103.166.117.252
783	Kath	Miko	kmikolq@nps.gov	Genderqueer	90.61.32.230
784	Roz	Caddens	rcaddenslr@list-manage.com	Female	76.31.85.98
785	Sari	Fuente	sfuentels@si.edu	Polygender	204.76.58.85
786	Clarice	Lunam	clunamlt@bizjournals.com	Genderqueer	158.49.225.87
787	Hirsch	Dungay	hdungaylu@oaic.gov.au	Genderfluid	4.197.179.119
788	Elli	Dunlap	edunlaplv@europa.eu	Female	105.180.149.190
789	Lonni	Northern	lnorthernlw@census.gov	Male	80.39.139.115
790	Viviyan	O'Monahan	vomonahanlx@twitpic.com	Agender	156.152.196.138
791	Pamella	Serrell	pserrellly@spiegel.de	Non-binary	32.158.255.226
792	Howie	Gudd	hguddlz@amazon.com	Male	227.219.224.124
793	Jeremie	Exroll	jexrollm0@phoca.cz	Genderqueer	42.121.118.7
794	Gabriela	Tumini	gtuminim1@biblegateway.com	Genderfluid	36.16.107.45
795	Gipsy	McHenry	gmchenrym2@cdbaby.com	Genderfluid	60.29.240.196
796	Garreth	Ghidotti	gghidottim3@cpanel.net	Bigender	185.225.156.179
797	William	Loftin	wloftinm4@geocities.com	Polygender	125.118.219.20
798	Cristie	Yashanov	cyashanovm5@dropbox.com	Agender	219.53.167.47
799	Cherlyn	Gromley	cgromleym6@mozilla.org	Genderfluid	90.5.46.140
800	Jermaine	White	jwhitem7@chron.com	Bigender	163.199.248.167
801	Bay	Fort	bfortm8@google.com.hk	Male	190.137.236.125
802	Shirl	Howley	showleym9@ihg.com	Male	209.141.116.146
803	Dallon	Mathe	dmathema@mediafire.com	Genderqueer	22.216.186.243
804	Reese	Creed	rcreedmb@cnbc.com	Non-binary	87.189.244.106
805	Iorgos	Rentalll	irentalllmc@sogou.com	Agender	185.251.224.251
806	Brett	Fletham	bflethammd@pagesperso-orange.fr	Genderfluid	159.107.217.87
807	Carroll	Misselbrook	cmisselbrookme@boston.com	Agender	172.212.161.157
808	Ewart	Arthan	earthanmf@free.fr	Genderqueer	196.10.239.182
809	Lyle	Margerrison	lmargerrisonmg@wufoo.com	Polygender	6.116.113.168
810	Ciro	Longthorn	clongthornmh@hugedomains.com	Bigender	6.119.152.218
811	Winslow	Crohan	wcrohanmi@washington.edu	Bigender	81.189.17.253
812	Kati	Broomhall	kbroomhallmj@mashable.com	Female	213.226.22.212
813	Elane	Kidner	ekidnermk@irs.gov	Female	139.220.85.182
814	Dario	Matisoff	dmatisoffml@clickbank.net	Male	187.228.87.206
815	Eugenio	Windsor	ewindsormm@utexas.edu	Non-binary	33.206.193.197
816	Gaven	McCarrell	gmccarrellmn@yandex.ru	Genderfluid	169.14.253.21
817	Raf	Seager	rseagermo@studiopress.com	Polygender	20.253.139.86
818	Lenci	Gallimore	lgallimoremp@fema.gov	Genderfluid	145.14.225.136
819	Kimble	Leitche	kleitchemq@washington.edu	Bigender	233.235.55.195
820	Melosa	McKeowon	mmckeowonmr@yellowpages.com	Bigender	108.49.127.103
821	Griffin	Berfoot	gberfootms@hibu.com	Non-binary	46.204.188.173
822	Arvie	Tanzig	atanzigmt@microsoft.com	Genderfluid	24.114.206.189
823	Garland	Mordie	gmordiemu@discovery.com	Female	173.204.248.28
824	Jerrold	Dreigher	jdreighermv@smugmug.com	Bigender	255.175.57.159
825	Victor	Lewry	vlewrymw@si.edu	Female	254.77.186.5
826	Clark	Harness	charnessmx@booking.com	Male	58.33.67.32
827	Arlina	Nancarrow	anancarrowmy@independent.co.uk	Agender	113.154.182.251
828	Carmine	Hacquard	chacquardmz@timesonline.co.uk	Genderqueer	7.33.180.249
829	Gregorio	Bartak	gbartakn0@china.com.cn	Agender	56.107.176.205
830	Ursola	Seathwright	useathwrightn1@wired.com	Non-binary	134.156.181.23
831	Gregoor	Dackombe	gdackomben2@businesswire.com	Bigender	64.4.85.166
832	Annamaria	Gawthorp	agawthorpn3@disqus.com	Bigender	81.130.26.8
833	Kassi	Fargher	kfarghern4@hostgator.com	Non-binary	65.21.1.139
834	Jessalyn	Matiashvili	jmatiashvilin5@amazon.de	Polygender	150.5.218.115
835	Duncan	MacFadin	dmacfadinn6@infoseek.co.jp	Female	21.128.23.197
836	Allister	Hawksley	ahawksleyn7@un.org	Non-binary	223.113.80.205
837	Philis	Davson	pdavsonn8@is.gd	Bigender	219.112.68.117
838	Gladys	Culpan	gculpann9@earthlink.net	Female	210.17.240.217
839	Slade	Agate	sagatena@hugedomains.com	Non-binary	177.125.198.72
840	Dolores	McCorry	dmccorrynb@eepurl.com	Polygender	235.203.223.127
841	Buiron	Pattillo	bpattillonc@tripod.com	Agender	184.168.251.63
842	Wright	Zannini	wzanninind@wunderground.com	Bigender	211.118.88.75
843	Almeta	Knott	aknottne@theglobeandmail.com	Agender	60.79.55.149
844	Mitchell	Poller	mpollernf@accuweather.com	Female	95.41.56.165
845	Ralina	Mullinder	rmullinderng@drupal.org	Non-binary	30.230.2.205
846	Josephina	Healing	jhealingnh@cocolog-nifty.com	Bigender	107.54.153.148
847	Bernard	Shoobridge	bshoobridgeni@sun.com	Non-binary	225.247.157.213
848	Davidde	de Marco	ddemarconj@hc360.com	Female	62.210.86.208
849	Tandy	Simnor	tsimnornk@webs.com	Agender	99.142.230.249
850	Jeanette	Doget	jdogetnl@lycos.com	Female	66.82.173.46
851	Lexy	Sheppey	lsheppeynm@instagram.com	Genderqueer	253.160.238.118
852	Nil	Fairfull	nfairfullnn@paginegialle.it	Polygender	199.168.179.148
853	Leonora	Grannell	lgrannellno@amazon.co.uk	Genderqueer	51.3.32.114
854	Yolanthe	Baldazzi	ybaldazzinp@earthlink.net	Polygender	14.131.209.21
855	Luca	Guilloton	lguillotonnq@moonfruit.com	Male	175.118.154.153
856	Candie	Doggerell	cdoggerellnr@sciencedirect.com	Genderqueer	105.106.120.207
857	Katalin	Martinez	kmartinezns@chronoengine.com	Male	16.177.17.236
858	Dallas	Marioneau	dmarioneaunt@economist.com	Polygender	232.27.84.79
859	Felike	Maides	fmaidesnu@github.com	Male	205.244.252.18
860	Mayer	Tuttiett	mtuttiettnv@sphinn.com	Polygender	61.42.232.10
861	Rosita	Syalvester	rsyalvesternw@icio.us	Genderfluid	225.85.241.44
862	Dickie	Samuel	dsamuelnx@noaa.gov	Male	116.38.11.22
863	Miguela	Chalker	mchalkerny@accuweather.com	Non-binary	199.80.61.19
864	Jodie	Lampert	jlampertnz@reuters.com	Genderfluid	133.108.89.116
865	Wilbert	Toller	wtollero0@tinypic.com	Non-binary	104.167.86.29
866	Kristen	Cayley	kcayleyo1@wikipedia.org	Agender	142.20.181.124
867	Maure	Gerhartz	mgerhartzo2@samsung.com	Bigender	32.40.174.98
868	Sarina	Cham	schamo3@google.fr	Female	214.188.45.174
869	Sibylla	Cohani	scohanio4@timesonline.co.uk	Bigender	198.154.182.57
870	Rees	Danzelman	rdanzelmano5@foxnews.com	Genderqueer	15.128.36.44
871	Alvira	Snasel	asnaselo6@nbcnews.com	Genderqueer	38.231.112.94
872	Jerri	Janicki	jjanickio7@live.com	Male	92.127.55.237
873	Barris	Haughian	bhaughiano8@economist.com	Genderfluid	152.148.94.80
874	Gun	Capun	gcapuno9@marriott.com	Polygender	116.42.218.50
875	Doris	Arpino	darpinooa@mozilla.com	Genderqueer	196.147.221.239
876	Gib	Scowcroft	gscowcroftob@constantcontact.com	Non-binary	22.56.188.151
877	Ileana	Condon	icondonoc@ning.com	Polygender	132.19.93.191
878	Laural	Vigne	lvigneod@ameblo.jp	Genderfluid	216.16.71.0
879	Sigismundo	Jarrelt	sjarreltoe@webs.com	Non-binary	21.198.116.133
880	Clem	Paynes	cpaynesof@weather.com	Genderfluid	198.74.195.72
881	Helena	Kimmons	hkimmonsog@qq.com	Non-binary	19.81.54.170
882	Mike	Peniello	mpeniellooh@epa.gov	Bigender	84.140.212.193
883	Catlin	Rourke	crourkeoi@google.com.au	Male	33.169.117.177
884	Bevan	Josh	bjoshoj@prlog.org	Genderqueer	126.216.90.94
885	Benito	Pitkins	bpitkinsok@forbes.com	Non-binary	101.13.74.159
886	Judy	Malinowski	jmalinowskiol@cdc.gov	Female	68.132.121.6
887	Geri	Braybrook	gbraybrookom@shinystat.com	Genderfluid	104.126.67.215
888	Elisha	Perchard	eperchardon@ovh.net	Male	14.16.12.238
889	Beckie	Allwell	ballwelloo@washington.edu	Female	238.193.18.130
890	Teador	Jacquot	tjacquotop@house.gov	Genderfluid	97.211.220.246
891	Garreth	Monks	gmonksoq@reuters.com	Genderfluid	175.28.51.16
892	Panchito	Le land	plelandor@virginia.edu	Male	146.90.85.60
893	Candace	Sambells	csambellsos@lulu.com	Genderfluid	69.237.154.114
894	Doralia	Tremoulet	dtremouletot@berkeley.edu	Genderqueer	168.124.62.250
895	Lacey	Heiss	lheissou@earthlink.net	Non-binary	156.246.185.11
896	Mordecai	Pester	mpesterov@fda.gov	Bigender	26.231.247.50
897	Nadiya	Thomtson	nthomtsonow@newyorker.com	Bigender	183.156.2.87
898	Denys	Poad	dpoadox@state.tx.us	Bigender	77.250.76.102
899	Jamesy	Ghest	jghestoy@wix.com	Genderfluid	122.98.1.28
900	Isabeau	Pennycook	ipennycookoz@vistaprint.com	Non-binary	32.61.20.38
901	Doralyn	Worling	dworlingp0@pbs.org	Polygender	73.3.132.245
902	Fianna	Huyghe	fhuyghep1@live.com	Bigender	121.149.62.50
903	Kenny	Feldharker	kfeldharkerp2@paypal.com	Agender	20.152.65.2
904	Florencia	Leech	fleechp3@bluehost.com	Polygender	224.133.54.230
905	Donalt	Baseggio	dbaseggiop4@shinystat.com	Polygender	86.244.53.242
906	Dugald	Raffles	drafflesp5@princeton.edu	Female	189.2.156.217
907	Aime	Copestake	acopestakep6@mtv.com	Male	213.137.208.13
908	Joscelin	Krikorian	jkrikorianp7@whitehouse.gov	Male	46.37.18.65
909	Merissa	Bartos	mbartosp8@google.co.jp	Bigender	93.74.102.98
910	Preston	Cardo	pcardop9@marketwatch.com	Male	227.128.150.14
911	Flss	Havvock	fhavvockpa@umich.edu	Genderfluid	13.195.189.89
912	Mavis	Sancraft	msancraftpb@multiply.com	Agender	41.254.223.45
913	Hamil	Atheis	hatheispc@gmpg.org	Male	6.189.91.233
914	Zaneta	Gounet	zgounetpd@skype.com	Polygender	35.28.101.19
915	Jamie	Henriquet	jhenriquetpe@elpais.com	Genderqueer	85.183.255.121
916	Nonah	Cawse	ncawsepf@berkeley.edu	Genderqueer	66.18.108.64
917	Harwell	Delhay	hdelhaypg@digg.com	Non-binary	248.96.53.136
918	Geri	Brumfitt	gbrumfittph@hud.gov	Genderfluid	220.183.92.70
919	Flory	Phettis	fphettispi@qq.com	Non-binary	57.222.138.181
920	Corbin	St. Leger	cstlegerpj@army.mil	Genderfluid	204.113.144.208
921	Halli	Gozzett	hgozzettpk@marriott.com	Genderqueer	166.104.197.157
922	Aurore	Heathcoat	aheathcoatpl@histats.com	Genderfluid	220.171.169.201
923	Vilhelmina	Fardon	vfardonpm@google.com	Male	84.97.187.65
924	Beltran	Birtley	bbirtleypn@myspace.com	Polygender	230.63.192.14
925	Sim	Cheesworth	scheesworthpo@mapy.cz	Genderfluid	188.169.41.73
926	Miguela	Fearnyough	mfearnyoughpp@webnode.com	Genderqueer	0.193.155.157
927	Farrell	Custard	fcustardpq@google.com.br	Polygender	232.130.59.242
928	Si	Click	sclickpr@diigo.com	Female	31.123.158.154
929	Melamie	Noads	mnoadsps@dailymotion.com	Bigender	22.13.20.121
930	Henrietta	Joslow	hjoslowpt@vkontakte.ru	Male	70.214.121.176
931	Kathleen	Devall	kdevallpu@google.fr	Genderqueer	237.4.89.249
932	Hilda	Camsey	hcamseypv@msn.com	Male	71.38.36.172
933	Leonidas	McDuffy	lmcduffypw@cnet.com	Male	28.202.220.110
934	Pedro	Jiruca	pjirucapx@yelp.com	Agender	242.40.196.242
935	Rudy	Olpin	rolpinpy@skyrock.com	Non-binary	149.82.120.246
936	Eberto	Elce	eelcepz@zdnet.com	Agender	168.75.20.141
937	Joyce	Piddock	jpiddockq0@umn.edu	Non-binary	66.157.194.164
938	Danell	Portwain	dportwainq1@fastcompany.com	Non-binary	172.247.95.145
939	Margarette	Linskill	mlinskillq2@mapy.cz	Non-binary	3.234.1.102
940	Tedda	Villa	tvillaq3@businessweek.com	Non-binary	11.118.74.228
941	Laney	Bernardelli	lbernardelliq4@aboutads.info	Female	178.34.240.249
942	Judd	Ching	jchingq5@sohu.com	Male	216.179.208.26
943	Izak	Prescott	iprescottq6@netscape.com	Genderfluid	14.217.63.145
944	Valeria	Clougher	vclougherq7@time.com	Genderfluid	64.73.29.14
945	Aldon	Jardin	ajardinq8@bloomberg.com	Female	85.56.2.47
946	Marie-ann	Crutchfield	mcrutchfieldq9@earthlink.net	Polygender	28.186.19.64
947	Lyndell	Handke	lhandkeqa@chicagotribune.com	Male	211.148.161.96
948	Lorne	Puxley	lpuxleyqb@ucsd.edu	Female	3.232.193.234
949	Dixie	Grassick	dgrassickqc@ovh.net	Polygender	93.123.2.200
950	Milo	Witch	mwitchqd@ca.gov	Genderqueer	87.124.92.57
951	Gayle	Side	gsideqe@de.vu	Agender	202.144.187.153
952	Ab	Godain	agodainqf@free.fr	Agender	105.85.185.233
953	Robers	Mattheeuw	rmattheeuwqg@issuu.com	Genderqueer	236.4.133.77
954	Claudelle	Jendricke	cjendrickeqh@nps.gov	Genderqueer	36.31.148.172
955	Vin	Coghlin	vcoghlinqi@java.com	Female	90.56.191.67
956	Patrizia	O'Boyle	poboyleqj@blogs.com	Non-binary	153.244.230.204
957	Brewster	Childe	bchildeqk@tumblr.com	Agender	150.190.224.38
958	Riccardo	Dunstan	rdunstanql@economist.com	Male	119.146.12.93
959	Patrice	Clemmow	pclemmowqm@marketwatch.com	Genderfluid	19.92.35.102
960	Stanton	Crohan	scrohanqn@domainmarket.com	Female	177.240.162.159
961	Colet	Gobel	cgobelqo@intel.com	Genderqueer	213.252.99.26
962	Sam	M'Barron	smbarronqp@noaa.gov	Polygender	70.100.56.145
963	Kenny	Carroll	kcarrollqq@vkontakte.ru	Genderfluid	53.35.35.230
964	Wanda	De Atta	wdeattaqr@opensource.org	Male	164.229.151.89
965	Brett	Wallwork	bwallworkqs@alexa.com	Agender	65.40.247.93
966	Elfreda	Bulle	ebulleqt@360.cn	Genderfluid	89.90.101.4
967	Katey	Levinge	klevingequ@gizmodo.com	Genderfluid	120.122.166.190
968	Dev	Maunton	dmauntonqv@wikia.com	Genderfluid	131.232.205.52
969	Shellysheldon	Faltin	sfaltinqw@discuz.net	Bigender	219.76.59.98
970	Lance	Clendennen	lclendennenqx@nydailynews.com	Non-binary	247.255.47.158
971	Carny	Gulleford	cgullefordqy@marketwatch.com	Non-binary	255.111.107.204
972	Fanchon	Stevens	fstevensqz@hp.com	Agender	59.27.106.106
973	Nadia	Hovenden	nhovendenr0@lycos.com	Genderqueer	198.243.13.129
974	Hannah	Maudlen	hmaudlenr1@t.co	Male	35.168.160.206
975	Yelena	Bucklee	ybuckleer2@google.it	Agender	165.61.196.102
976	Devonna	Sproul	dsproulr3@google.es	Genderqueer	82.143.131.34
977	Peirce	Godfray	pgodfrayr4@ucoz.com	Genderfluid	41.225.127.180
978	Byran	Saveall	bsaveallr5@gnu.org	Male	87.120.65.203
979	Tina	Beeden	tbeedenr6@whitehouse.gov	Genderfluid	49.102.56.42
980	Herbert	Threadgold	hthreadgoldr7@bloomberg.com	Non-binary	107.180.81.166
981	Sharity	Collie	scollier8@vinaora.com	Genderqueer	40.6.98.61
982	Steffie	Locard	slocardr9@nasa.gov	Male	166.207.138.95
983	Ynes	Iannuzzi	yiannuzzira@booking.com	Non-binary	189.176.233.137
984	Greg	Sharnock	gsharnockrb@wikimedia.org	Female	17.189.140.42
985	Dael	Hambright	dhambrightrc@newyorker.com	Male	32.212.164.39
986	Chrystal	Pasmore	cpasmorerd@state.gov	Female	135.101.207.202
987	Currie	Woodroff	cwoodroffre@topsy.com	Genderfluid	90.106.103.210
988	Ellswerth	Iannuzzelli	eiannuzzellirf@ifeng.com	Genderfluid	138.61.210.62
989	Peta	Nutbean	pnutbeanrg@360.cn	Agender	63.5.135.169
990	Bunni	Renn	brennrh@nps.gov	Bigender	169.197.160.91
991	Salem	Dohmann	sdohmannri@parallels.com	Bigender	189.71.133.111
992	Becca	Handy	bhandyrj@reuters.com	Polygender	192.121.36.11
993	Korrie	Gorrick	kgorrickrk@digg.com	Bigender	160.123.189.194
994	Penelopa	Croster	pcrosterrl@topsy.com	Bigender	28.132.104.73
995	Crin	Wagstaffe	cwagstafferm@exblog.jp	Polygender	238.138.60.57
996	Gloriane	Crawcour	gcrawcourrn@businessweek.com	Bigender	249.15.39.24
997	Morrie	Belin	mbelinro@cafepress.com	Male	138.17.63.152
998	Perkin	Heustice	pheusticerp@123-reg.co.uk	Male	217.8.166.115
999	Odelinda	Alexandrou	oalexandrourq@flavors.me	Genderfluid	229.9.172.182
1000	Mord	Zavattieri	mzavattierirr@nbcnews.com	Genderqueer	97.219.138.210
